{"cameraMode":{"drawMode":0,"name":"Shaded","section":"Shading Mode"},"sceneLighting":false,"audioPlay":false,"sceneViewState":{"m_AlwaysRefresh":false,"showFog":true,"showSkybox":true,"showFlares":true,"showImageEffects":true,"showParticleSystems":true,"showVisualEffectGraphs":true,"m_FxEnabled":true},"in2DMode":false,"pivot":{"x":3.2841522693634035,"y":3.0756053924560549,"z":2.2055368423461916},"rotation":{"x":0.05951369181275368,"y":0.8864554166793823,"z":-0.11908002197742462,"w":0.4433991312980652},"size":0.6446001529693604,"orthographic":false}