{"cameraMode":{"drawMode":0,"name":"Shaded","section":"Shading Mode"},"sceneLighting":false,"audioPlay":false,"sceneViewState":{"m_AlwaysRefresh":false,"showFog":true,"showSkybox":true,"showFlares":true,"showImageEffects":true,"showParticleSystems":true,"showVisualEffectGraphs":true,"m_FxEnabled":true},"in2DMode":false,"pivot":{"x":-12.213959693908692,"y":15.741218566894532,"z":0.23062491416931153},"rotation":{"x":0.31102249026298525,"y":0.6079921126365662,"z":-0.2803412079811096,"w":0.6746337413787842},"size":0.854806661605835,"orthographic":false}