{"cameraMode":{"drawMode":0,"name":"Shaded","section":"Shading Mode"},"sceneLighting":true,"audioPlay":false,"sceneViewState":{"m_AlwaysRefresh":false,"showFog":true,"showSkybox":true,"showFlares":true,"showImageEffects":true,"showParticleSystems":true,"showVisualEffectGraphs":true,"m_FxEnabled":true},"in2DMode":false,"pivot":{"x":5.6297221183776859,"y":-9.12659740447998,"z":15.971308708190918},"rotation":{"x":0.3106958270072937,"y":0.07031168788671494,"z":-0.02301989682018757,"w":0.9476595520973206},"size":29.632427215576173,"orthographic":false}